Subject,Company,Date,Status
Re: Data Engineering at PocketFM,PocketFM,2025-07-28 08:45:19,in progress
Re: Data Engineering at ClarityX,ClarityX,2025-07-24 07:12:16,in progress

Re: Data Engineering at Riverline AI,Riverline AI,2025-08-01 10:27:09,in progress
Re: Data Engineering at ERM,ERM,2025-08-01 10:27:07,in progress
Re: Data Engineering at Squadstack,Squadstack,2025-08-01 10:27:05,in progress
Re: Data Engineering at PowerUp Money,PowerUp Money,2025-08-01 10:27:04,in progress
Re: Data Engineering at Pluto Mobility,Pluto Mobility,2025-08-01 10:27:03,in progress
Re: Data Engineering at Choreograph,Choreograph,2025-08-01 10:27:02,in progress
